fecha,cpi_u_nsa,fuente,url,consultado
1990-01-01,127.4,"U.S. Bureau of Labor Statistics, CPI-U all items, U.S. city average, NSA, 1982-84=100",https://www.bls.gov/regions/midwest/data/consumerpriceindexhistorical_us_table.pdf,2026-09-20
1990-02-01,128.0,"U.S. Bureau of Labor Statistics, CPI-U all items, U.S. city average, NSA, 1982-84=100",https://www.bls.gov/regions/midwest/data/consumerpriceindexhistorical_us_table.pdf,2026-09-20
1990-03-01,128.7,"U.S. Bureau of Labor Statistics, CPI-U all items, U.S. city average, NSA, 1982-84=100",https://www.bls.gov/regions/midwest/data/consumerpriceindexhistorical_us_table.pdf,2026-09-20
1990-04-01,128.9,"U.S. Bureau of Labor Statistics, CPI-U all items, U.S. city average, NSA, 1982-84=100",https://www.bls.gov/regions/midwest/data/consumerpriceindexhistorical_us_table.pdf,2026-09-20
1990-05-01,129.2,"U.S. Bureau of Labor Statistics, CPI-U all items, U.S. city average, NSA, 1982-84=100",https://www.bls.gov/regions/midwest/data/consumerpriceindexhistorical_us_table.pdf,2026-09-20
1990-06-01,129.9,"U.S. Bureau of Labor Statistics, CPI-U all items, U.S. city average, NSA, 1982-84=100",https://www.bls.gov/regions/midwest/data/consumerpriceindexhistorical_us_table.pdf,2026-09-20
1990-07-01,130.4,"U.S. Bureau of Labor Statistics, CPI-U all items, U.S. city average, NSA, 1982-84=100",https://www.bls.gov/regions/midwest/data/consumerpriceindexhistorical_us_table.pdf,2026-09-20
1990-08-01,131.6,"U.S. Bureau of Labor Statistics, CPI-U all items, U.S. city average, NSA, 1982-84=100",https://www.bls.gov/regions/midwest/data/consumerpriceindexhistorical_us_table.pdf,2026-09-20
1990-09-01,132.7,"U.S. Bureau of Labor Statistics, CPI-U all items, U.S. city average, NSA, 1982-84=100",https://www.bls.gov/regions/midwest/data/consumerpriceindexhistorical_us_table.pdf,2026-09-20
1990-10-01,133.5,"U.S. Bureau of Labor Statistics, CPI-U all items, U.S. city average, NSA, 1982-84=100",https://www.bls.gov/regions/midwest/data/consumerpriceindexhistorical_us_table.pdf,2026-09-20
1990-11-01,133.8,"U.S. Bureau of Labor Statistics, CPI-U all items, U.S. city average, NSA, 1982-84=100",https://www.bls.gov/regions/midwest/data/consumerpriceindexhistorical_us_table.pdf,2026-09-20
1990-12-01,133.8,"U.S. Bureau of Labor Statistics, CPI-U all items, U.S. city average, NSA, 1982-84=100",https://www.bls.gov/regions/midwest/data/consumerpriceindexhistorical_us_table.pdf,2026-09-20
1991-01-01,134.6,"U.S. Bureau of Labor Statistics, CPI-U all items, U.S. city average, NSA, 1982-84=100",https://www.bls.gov/regions/midwest/data/consumerpriceindexhistorical_us_table.pdf,2026-09-20
1991-02-01,134.8,"U.S. Bureau of Labor Statistics, CPI-U all items, U.S. city average, NSA, 1982-84=100",https://www.bls.gov/regions/midwest/data/consumerpriceindexhistorical_us_table.pdf,2026-09-20
1991-03-01,135.0,"U.S. Bureau of Labor Statistics, CPI-U all items, U.S. city average, NSA, 1982-84=100",https://www.bls.gov/regions/midwest/data/consumerpriceindexhistorical_us_table.pdf,2026-09-20
1991-04-01,135.2,"U.S. Bureau of Labor Statistics, CPI-U all items, U.S. city average, NSA, 1982-84=100",https://www.bls.gov/regions/midwest/data/consumerpriceindexhistorical_us_table.pdf,2026-09-20
1991-05-01,135.6,"U.S. Bureau of Labor Statistics, CPI-U all items, U.S. city average, NSA, 1982-84=100",https://www.bls.gov/regions/midwest/data/consumerpriceindexhistorical_us_table.pdf,2026-09-20
1991-06-01,136.0,"U.S. Bureau of Labor Statistics, CPI-U all items, U.S. city average, NSA, 1982-84=100",https://www.bls.gov/regions/midwest/data/consumerpriceindexhistorical_us_table.pdf,2026-09-20
1991-07-01,136.2,"U.S. Bureau of Labor Statistics, CPI-U all items, U.S. city average, NSA, 1982-84=100",https://www.bls.gov/regions/midwest/data/consumerpriceindexhistorical_us_table.pdf,2026-09-20
1991-08-01,136.6,"U.S. Bureau of Labor Statistics, CPI-U all items, U.S. city average, NSA, 1982-84=100",https://www.bls.gov/regions/midwest/data/consumerpriceindexhistorical_us_table.pdf,2026-09-20
1991-09-01,137.2,"U.S. Bureau of Labor Statistics, CPI-U all items, U.S. city average, NSA, 1982-84=100",https://www.bls.gov/regions/midwest/data/consumerpriceindexhistorical_us_table.pdf,2026-09-20
1991-10-01,137.4,"U.S. Bureau of Labor Statistics, CPI-U all items, U.S. city average, NSA, 1982-84=100",https://www.bls.gov/regions/midwest/data/consumerpriceindexhistorical_us_table.pdf,2026-09-20
1991-11-01,137.8,"U.S. Bureau of Labor Statistics, CPI-U all items, U.S. city average, NSA, 1982-84=100",https://www.bls.gov/regions/midwest/data/consumerpriceindexhistorical_us_table.pdf,2026-09-20
1991-12-01,137.9,"U.S. Bureau of Labor Statistics, CPI-U all items, U.S. city average, NSA, 1982-84=100",https://www.bls.gov/regions/midwest/data/consumerpriceindexhistorical_us_table.pdf,2026-09-20
1992-01-01,138.1,"U.S. Bureau of Labor Statistics, CPI-U all items, U.S. city average, NSA, 1982-84=100",https://www.bls.gov/regions/midwest/data/consumerpriceindexhistorical_us_table.pdf,2026-09-20
1992-02-01,138.6,"U.S. Bureau of Labor Statistics, CPI-U all items, U.S. city average, NSA, 1982-84=100",https://www.bls.gov/regions/midwest/data/consumerpriceindexhistorical_us_table.pdf,2026-09-20
1992-03-01,139.3,"U.S. Bureau of Labor Statistics, CPI-U all items, U.S. city average, NSA, 1982-84=100",https://www.bls.gov/regions/midwest/data/consumerpriceindexhistorical_us_table.pdf,2026-09-20
1992-04-01,139.5,"U.S. Bureau of Labor Statistics, CPI-U all items, U.S. city average, NSA, 1982-84=100",https://www.bls.gov/regions/midwest/data/consumerpriceindexhistorical_us_table.pdf,2026-09-20
1992-05-01,139.7,"U.S. Bureau of Labor Statistics, CPI-U all items, U.S. city average, NSA, 1982-84=100",https://www.bls.gov/regions/midwest/data/consumerpriceindexhistorical_us_table.pdf,2026-09-20
1992-06-01,140.2,"U.S. Bureau of Labor Statistics, CPI-U all items, U.S. city average, NSA, 1982-84=100",https://www.bls.gov/regions/midwest/data/consumerpriceindexhistorical_us_table.pdf,2026-09-20
1992-07-01,140.5,"U.S. Bureau of Labor Statistics, CPI-U all items, U.S. city average, NSA, 1982-84=100",https://www.bls.gov/regions/midwest/data/consumerpriceindexhistorical_us_table.pdf,2026-09-20
1992-08-01,140.9,"U.S. Bureau of Labor Statistics, CPI-U all items, U.S. city average, NSA, 1982-84=100",https://www.bls.gov/regions/midwest/data/consumerpriceindexhistorical_us_table.pdf,2026-09-20
1992-09-01,141.3,"U.S. Bureau of Labor Statistics, CPI-U all items, U.S. city average, NSA, 1982-84=100",https://www.bls.gov/regions/midwest/data/consumerpriceindexhistorical_us_table.pdf,2026-09-20
1992-10-01,141.8,"U.S. Bureau of Labor Statistics, CPI-U all items, U.S. city average, NSA, 1982-84=100",https://www.bls.gov/regions/midwest/data/consumerpriceindexhistorical_us_table.pdf,2026-09-20
1992-11-01,142.0,"U.S. Bureau of Labor Statistics, CPI-U all items, U.S. city average, NSA, 1982-84=100",https://www.bls.gov/regions/midwest/data/consumerpriceindexhistorical_us_table.pdf,2026-09-20
1992-12-01,141.9,"U.S. Bureau of Labor Statistics, CPI-U all items, U.S. city average, NSA, 1982-84=100",https://www.bls.gov/regions/midwest/data/consumerpriceindexhistorical_us_table.pdf,2026-09-20
1993-01-01,142.6,"U.S. Bureau of Labor Statistics, CPI-U all items, U.S. city average, NSA, 1982-84=100",https://www.bls.gov/regions/midwest/data/consumerpriceindexhistorical_us_table.pdf,2026-09-20
1993-02-01,143.1,"U.S. Bureau of Labor Statistics, CPI-U all items, U.S. city average, NSA, 1982-84=100",https://www.bls.gov/regions/midwest/data/consumerpriceindexhistorical_us_table.pdf,2026-09-20
1993-03-01,143.6,"U.S. Bureau of Labor Statistics, CPI-U all items, U.S. city average, NSA, 1982-84=100",https://www.bls.gov/regions/midwest/data/consumerpriceindexhistorical_us_table.pdf,2026-09-20
1993-04-01,144.0,"U.S. Bureau of Labor Statistics, CPI-U all items, U.S. city average, NSA, 1982-84=100",https://www.bls.gov/regions/midwest/data/consumerpriceindexhistorical_us_table.pdf,2026-09-20
1993-05-01,144.2,"U.S. Bureau of Labor Statistics, CPI-U all items, U.S. city average, NSA, 1982-84=100",https://www.bls.gov/regions/midwest/data/consumerpriceindexhistorical_us_table.pdf,2026-09-20
1993-06-01,144.4,"U.S. Bureau of Labor Statistics, CPI-U all items, U.S. city average, NSA, 1982-84=100",https://www.bls.gov/regions/midwest/data/consumerpriceindexhistorical_us_table.pdf,2026-09-20
1993-07-01,144.4,"U.S. Bureau of Labor Statistics, CPI-U all items, U.S. city average, NSA, 1982-84=100",https://www.bls.gov/regions/midwest/data/consumerpriceindexhistorical_us_table.pdf,2026-09-20
1993-08-01,144.8,"U.S. Bureau of Labor Statistics, CPI-U all items, U.S. city average, NSA, 1982-84=100",https://www.bls.gov/regions/midwest/data/consumerpriceindexhistorical_us_table.pdf,2026-09-20
1993-09-01,145.1,"U.S. Bureau of Labor Statistics, CPI-U all items, U.S. city average, NSA, 1982-84=100",https://www.bls.gov/regions/midwest/data/consumerpriceindexhistorical_us_table.pdf,2026-09-20
1993-10-01,145.7,"U.S. Bureau of Labor Statistics, CPI-U all items, U.S. city average, NSA, 1982-84=100",https://www.bls.gov/regions/midwest/data/consumerpriceindexhistorical_us_table.pdf,2026-09-20
1993-11-01,145.8,"U.S. Bureau of Labor Statistics, CPI-U all items, U.S. city average, NSA, 1982-84=100",https://www.bls.gov/regions/midwest/data/consumerpriceindexhistorical_us_table.pdf,2026-09-20
1993-12-01,145.8,"U.S. Bureau of Labor Statistics, CPI-U all items, U.S. city average, NSA, 1982-84=100",https://www.bls.gov/regions/midwest/data/consumerpriceindexhistorical_us_table.pdf,2026-09-20
1994-01-01,146.2,"U.S. Bureau of Labor Statistics, CPI-U all items, U.S. city average, NSA, 1982-84=100",https://www.bls.gov/regions/midwest/data/consumerpriceindexhistorical_us_table.pdf,2026-09-20
1994-02-01,146.7,"U.S. Bureau of Labor Statistics, CPI-U all items, U.S. city average, NSA, 1982-84=100",https://www.bls.gov/regions/midwest/data/consumerpriceindexhistorical_us_table.pdf,2026-09-20
1994-03-01,147.2,"U.S. Bureau of Labor Statistics, CPI-U all items, U.S. city average, NSA, 1982-84=100",https://www.bls.gov/regions/midwest/data/consumerpriceindexhistorical_us_table.pdf,2026-09-20
1994-04-01,147.4,"U.S. Bureau of Labor Statistics, CPI-U all items, U.S. city average, NSA, 1982-84=100",https://www.bls.gov/regions/midwest/data/consumerpriceindexhistorical_us_table.pdf,2026-09-20
1994-05-01,147.5,"U.S. Bureau of Labor Statistics, CPI-U all items, U.S. city average, NSA, 1982-84=100",https://www.bls.gov/regions/midwest/data/consumerpriceindexhistorical_us_table.pdf,2026-09-20
1994-06-01,148.0,"U.S. Bureau of Labor Statistics, CPI-U all items, U.S. city average, NSA, 1982-84=100",https://www.bls.gov/regions/midwest/data/consumerpriceindexhistorical_us_table.pdf,2026-09-20
1994-07-01,148.4,"U.S. Bureau of Labor Statistics, CPI-U all items, U.S. city average, NSA, 1982-84=100",https://www.bls.gov/regions/midwest/data/consumerpriceindexhistorical_us_table.pdf,2026-09-20
1994-08-01,149.0,"U.S. Bureau of Labor Statistics, CPI-U all items, U.S. city average, NSA, 1982-84=100",https://www.bls.gov/regions/midwest/data/consumerpriceindexhistorical_us_table.pdf,2026-09-20
1994-09-01,149.4,"U.S. Bureau of Labor Statistics, CPI-U all items, U.S. city average, NSA, 1982-84=100",https://www.bls.gov/regions/midwest/data/consumerpriceindexhistorical_us_table.pdf,2026-09-20
1994-10-01,149.5,"U.S. Bureau of Labor Statistics, CPI-U all items, U.S. city average, NSA, 1982-84=100",https://www.bls.gov/regions/midwest/data/consumerpriceindexhistorical_us_table.pdf,2026-09-20
1994-11-01,149.7,"U.S. Bureau of Labor Statistics, CPI-U all items, U.S. city average, NSA, 1982-84=100",https://www.bls.gov/regions/midwest/data/consumerpriceindexhistorical_us_table.pdf,2026-09-20
1994-12-01,149.7,"U.S. Bureau of Labor Statistics, CPI-U all items, U.S. city average, NSA, 1982-84=100",https://www.bls.gov/regions/midwest/data/consumerpriceindexhistorical_us_table.pdf,2026-09-20
1995-01-01,150.3,"U.S. Bureau of Labor Statistics, CPI-U all items, U.S. city average, NSA, 1982-84=100",https://www.bls.gov/regions/midwest/data/consumerpriceindexhistorical_us_table.pdf,2026-09-20
1995-02-01,150.9,"U.S. Bureau of Labor Statistics, CPI-U all items, U.S. city average, NSA, 1982-84=100",https://www.bls.gov/regions/midwest/data/consumerpriceindexhistorical_us_table.pdf,2026-09-20
1995-03-01,151.4,"U.S. Bureau of Labor Statistics, CPI-U all items, U.S. city average, NSA, 1982-84=100",https://www.bls.gov/regions/midwest/data/consumerpriceindexhistorical_us_table.pdf,2026-09-20
1995-04-01,151.9,"U.S. Bureau of Labor Statistics, CPI-U all items, U.S. city average, NSA, 1982-84=100",https://www.bls.gov/regions/midwest/data/consumerpriceindexhistorical_us_table.pdf,2026-09-20
1995-05-01,152.2,"U.S. Bureau of Labor Statistics, CPI-U all items, U.S. city average, NSA, 1982-84=100",https://www.bls.gov/regions/midwest/data/consumerpriceindexhistorical_us_table.pdf,2026-09-20
1995-06-01,152.5,"U.S. Bureau of Labor Statistics, CPI-U all items, U.S. city average, NSA, 1982-84=100",https://www.bls.gov/regions/midwest/data/consumerpriceindexhistorical_us_table.pdf,2026-09-20
1995-07-01,152.5,"U.S. Bureau of Labor Statistics, CPI-U all items, U.S. city average, NSA, 1982-84=100",https://www.bls.gov/regions/midwest/data/consumerpriceindexhistorical_us_table.pdf,2026-09-20
1995-08-01,152.9,"U.S. Bureau of Labor Statistics, CPI-U all items, U.S. city average, NSA, 1982-84=100",https://www.bls.gov/regions/midwest/data/consumerpriceindexhistorical_us_table.pdf,2026-09-20
1995-09-01,153.2,"U.S. Bureau of Labor Statistics, CPI-U all items, U.S. city average, NSA, 1982-84=100",https://www.bls.gov/regions/midwest/data/consumerpriceindexhistorical_us_table.pdf,2026-09-20
1995-10-01,153.7,"U.S. Bureau of Labor Statistics, CPI-U all items, U.S. city average, NSA, 1982-84=100",https://www.bls.gov/regions/midwest/data/consumerpriceindexhistorical_us_table.pdf,2026-09-20
1995-11-01,153.6,"U.S. Bureau of Labor Statistics, CPI-U all items, U.S. city average, NSA, 1982-84=100",https://www.bls.gov/regions/midwest/data/consumerpriceindexhistorical_us_table.pdf,2026-09-20
1995-12-01,153.5,"U.S. Bureau of Labor Statistics, CPI-U all items, U.S. city average, NSA, 1982-84=100",https://www.bls.gov/regions/midwest/data/consumerpriceindexhistorical_us_table.pdf,2026-09-20
1996-01-01,154.4,"U.S. Bureau of Labor Statistics, CPI-U all items, U.S. city average, NSA, 1982-84=100",https://www.bls.gov/regions/midwest/data/consumerpriceindexhistorical_us_table.pdf,2026-09-20
1996-02-01,154.9,"U.S. Bureau of Labor Statistics, CPI-U all items, U.S. city average, NSA, 1982-84=100",https://www.bls.gov/regions/midwest/data/consumerpriceindexhistorical_us_table.pdf,2026-09-20
1996-03-01,155.7,"U.S. Bureau of Labor Statistics, CPI-U all items, U.S. city average, NSA, 1982-84=100",https://www.bls.gov/regions/midwest/data/consumerpriceindexhistorical_us_table.pdf,2026-09-20
1996-04-01,156.3,"U.S. Bureau of Labor Statistics, CPI-U all items, U.S. city average, NSA, 1982-84=100",https://www.bls.gov/regions/midwest/data/consumerpriceindexhistorical_us_table.pdf,2026-09-20
1996-05-01,156.6,"U.S. Bureau of Labor Statistics, CPI-U all items, U.S. city average, NSA, 1982-84=100",https://www.bls.gov/regions/midwest/data/consumerpriceindexhistorical_us_table.pdf,2026-09-20
1996-06-01,156.7,"U.S. Bureau of Labor Statistics, CPI-U all items, U.S. city average, NSA, 1982-84=100",https://www.bls.gov/regions/midwest/data/consumerpriceindexhistorical_us_table.pdf,2026-09-20
1996-07-01,157.0,"U.S. Bureau of Labor Statistics, CPI-U all items, U.S. city average, NSA, 1982-84=100",https://www.bls.gov/regions/midwest/data/consumerpriceindexhistorical_us_table.pdf,2026-09-20
1996-08-01,157.3,"U.S. Bureau of Labor Statistics, CPI-U all items, U.S. city average, NSA, 1982-84=100",https://www.bls.gov/regions/midwest/data/consumerpriceindexhistorical_us_table.pdf,2026-09-20
1996-09-01,157.8,"U.S. Bureau of Labor Statistics, CPI-U all items, U.S. city average, NSA, 1982-84=100",https://www.bls.gov/regions/midwest/data/consumerpriceindexhistorical_us_table.pdf,2026-09-20
1996-10-01,158.3,"U.S. Bureau of Labor Statistics, CPI-U all items, U.S. city average, NSA, 1982-84=100",https://www.bls.gov/regions/midwest/data/consumerpriceindexhistorical_us_table.pdf,2026-09-20
1996-11-01,158.6,"U.S. Bureau of Labor Statistics, CPI-U all items, U.S. city average, NSA, 1982-84=100",https://www.bls.gov/regions/midwest/data/consumerpriceindexhistorical_us_table.pdf,2026-09-20
1996-12-01,158.6,"U.S. Bureau of Labor Statistics, CPI-U all items, U.S. city average, NSA, 1982-84=100",https://www.bls.gov/regions/midwest/data/consumerpriceindexhistorical_us_table.pdf,2026-09-20
1997-01-01,159.1,"U.S. Bureau of Labor Statistics, CPI-U all items, U.S. city average, NSA, 1982-84=100",https://www.bls.gov/regions/midwest/data/consumerpriceindexhistorical_us_table.pdf,2026-09-20
1997-02-01,159.6,"U.S. Bureau of Labor Statistics, CPI-U all items, U.S. city average, NSA, 1982-84=100",https://www.bls.gov/regions/midwest/data/consumerpriceindexhistorical_us_table.pdf,2026-09-20
1997-03-01,160.0,"U.S. Bureau of Labor Statistics, CPI-U all items, U.S. city average, NSA, 1982-84=100",https://www.bls.gov/regions/midwest/data/consumerpriceindexhistorical_us_table.pdf,2026-09-20
1997-04-01,160.2,"U.S. Bureau of Labor Statistics, CPI-U all items, U.S. city average, NSA, 1982-84=100",https://www.bls.gov/regions/midwest/data/consumerpriceindexhistorical_us_table.pdf,2026-09-20
1997-05-01,160.1,"U.S. Bureau of Labor Statistics, CPI-U all items, U.S. city average, NSA, 1982-84=100",https://www.bls.gov/regions/midwest/data/consumerpriceindexhistorical_us_table.pdf,2026-09-20
1997-06-01,160.3,"U.S. Bureau of Labor Statistics, CPI-U all items, U.S. city average, NSA, 1982-84=100",https://www.bls.gov/regions/midwest/data/consumerpriceindexhistorical_us_table.pdf,2026-09-20
1997-07-01,160.5,"U.S. Bureau of Labor Statistics, CPI-U all items, U.S. city average, NSA, 1982-84=100",https://www.bls.gov/regions/midwest/data/consumerpriceindexhistorical_us_table.pdf,2026-09-20
1997-08-01,160.8,"U.S. Bureau of Labor Statistics, CPI-U all items, U.S. city average, NSA, 1982-84=100",https://www.bls.gov/regions/midwest/data/consumerpriceindexhistorical_us_table.pdf,2026-09-20
1997-09-01,161.2,"U.S. Bureau of Labor Statistics, CPI-U all items, U.S. city average, NSA, 1982-84=100",https://www.bls.gov/regions/midwest/data/consumerpriceindexhistorical_us_table.pdf,2026-09-20
1997-10-01,161.6,"U.S. Bureau of Labor Statistics, CPI-U all items, U.S. city average, NSA, 1982-84=100",https://www.bls.gov/regions/midwest/data/consumerpriceindexhistorical_us_table.pdf,2026-09-20
1997-11-01,161.5,"U.S. Bureau of Labor Statistics, CPI-U all items, U.S. city average, NSA, 1982-84=100",https://www.bls.gov/regions/midwest/data/consumerpriceindexhistorical_us_table.pdf,2026-09-20
1997-12-01,161.3,"U.S. Bureau of Labor Statistics, CPI-U all items, U.S. city average, NSA, 1982-84=100",https://www.bls.gov/regions/midwest/data/consumerpriceindexhistorical_us_table.pdf,2026-09-20
1998-01-01,161.6,"U.S. Bureau of Labor Statistics, CPI-U all items, U.S. city average, NSA, 1982-84=100",https://www.bls.gov/regions/midwest/data/consumerpriceindexhistorical_us_table.pdf,2026-09-20
1998-02-01,161.9,"U.S. Bureau of Labor Statistics, CPI-U all items, U.S. city average, NSA, 1982-84=100",https://www.bls.gov/regions/midwest/data/consumerpriceindexhistorical_us_table.pdf,2026-09-20
1998-03-01,162.2,"U.S. Bureau of Labor Statistics, CPI-U all items, U.S. city average, NSA, 1982-84=100",https://www.bls.gov/regions/midwest/data/consumerpriceindexhistorical_us_table.pdf,2026-09-20
1998-04-01,162.5,"U.S. Bureau of Labor Statistics, CPI-U all items, U.S. city average, NSA, 1982-84=100",https://www.bls.gov/regions/midwest/data/consumerpriceindexhistorical_us_table.pdf,2026-09-20
1998-05-01,162.8,"U.S. Bureau of Labor Statistics, CPI-U all items, U.S. city average, NSA, 1982-84=100",https://www.bls.gov/regions/midwest/data/consumerpriceindexhistorical_us_table.pdf,2026-09-20
1998-06-01,163.0,"U.S. Bureau of Labor Statistics, CPI-U all items, U.S. city average, NSA, 1982-84=100",https://www.bls.gov/regions/midwest/data/consumerpriceindexhistorical_us_table.pdf,2026-09-20
1998-07-01,163.2,"U.S. Bureau of Labor Statistics, CPI-U all items, U.S. city average, NSA, 1982-84=100",https://www.bls.gov/regions/midwest/data/consumerpriceindexhistorical_us_table.pdf,2026-09-20
1998-08-01,163.4,"U.S. Bureau of Labor Statistics, CPI-U all items, U.S. city average, NSA, 1982-84=100",https://www.bls.gov/regions/midwest/data/consumerpriceindexhistorical_us_table.pdf,2026-09-20
1998-09-01,163.6,"U.S. Bureau of Labor Statistics, CPI-U all items, U.S. city average, NSA, 1982-84=100",https://www.bls.gov/regions/midwest/data/consumerpriceindexhistorical_us_table.pdf,2026-09-20
1998-10-01,164.0,"U.S. Bureau of Labor Statistics, CPI-U all items, U.S. city average, NSA, 1982-84=100",https://www.bls.gov/regions/midwest/data/consumerpriceindexhistorical_us_table.pdf,2026-09-20
1998-11-01,164.0,"U.S. Bureau of Labor Statistics, CPI-U all items, U.S. city average, NSA, 1982-84=100",https://www.bls.gov/regions/midwest/data/consumerpriceindexhistorical_us_table.pdf,2026-09-20
1998-12-01,163.9,"U.S. Bureau of Labor Statistics, CPI-U all items, U.S. city average, NSA, 1982-84=100",https://www.bls.gov/regions/midwest/data/consumerpriceindexhistorical_us_table.pdf,2026-09-20
1999-01-01,164.3,"U.S. Bureau of Labor Statistics, CPI-U all items, U.S. city average, NSA, 1982-84=100",https://www.bls.gov/regions/midwest/data/consumerpriceindexhistorical_us_table.pdf,2026-09-20
1999-02-01,164.5,"U.S. Bureau of Labor Statistics, CPI-U all items, U.S. city average, NSA, 1982-84=100",https://www.bls.gov/regions/midwest/data/consumerpriceindexhistorical_us_table.pdf,2026-09-20
1999-03-01,165.0,"U.S. Bureau of Labor Statistics, CPI-U all items, U.S. city average, NSA, 1982-84=100",https://www.bls.gov/regions/midwest/data/consumerpriceindexhistorical_us_table.pdf,2026-09-20
1999-04-01,166.2,"U.S. Bureau of Labor Statistics, CPI-U all items, U.S. city average, NSA, 1982-84=100",https://www.bls.gov/regions/midwest/data/consumerpriceindexhistorical_us_table.pdf,2026-09-20
1999-05-01,166.2,"U.S. Bureau of Labor Statistics, CPI-U all items, U.S. city average, NSA, 1982-84=100",https://www.bls.gov/regions/midwest/data/consumerpriceindexhistorical_us_table.pdf,2026-09-20
1999-06-01,166.2,"U.S. Bureau of Labor Statistics, CPI-U all items, U.S. city average, NSA, 1982-84=100",https://www.bls.gov/regions/midwest/data/consumerpriceindexhistorical_us_table.pdf,2026-09-20
1999-07-01,166.7,"U.S. Bureau of Labor Statistics, CPI-U all items, U.S. city average, NSA, 1982-84=100",https://www.bls.gov/regions/midwest/data/consumerpriceindexhistorical_us_table.pdf,2026-09-20
1999-08-01,167.1,"U.S. Bureau of Labor Statistics, CPI-U all items, U.S. city average, NSA, 1982-84=100",https://www.bls.gov/regions/midwest/data/consumerpriceindexhistorical_us_table.pdf,2026-09-20
1999-09-01,167.9,"U.S. Bureau of Labor Statistics, CPI-U all items, U.S. city average, NSA, 1982-84=100",https://www.bls.gov/regions/midwest/data/consumerpriceindexhistorical_us_table.pdf,2026-09-20
1999-10-01,168.2,"U.S. Bureau of Labor Statistics, CPI-U all items, U.S. city average, NSA, 1982-84=100",https://www.bls.gov/regions/midwest/data/consumerpriceindexhistorical_us_table.pdf,2026-09-20
1999-11-01,168.3,"U.S. Bureau of Labor Statistics, CPI-U all items, U.S. city average, NSA, 1982-84=100",https://www.bls.gov/regions/midwest/data/consumerpriceindexhistorical_us_table.pdf,2026-09-20
1999-12-01,168.3,"U.S. Bureau of Labor Statistics, CPI-U all items, U.S. city average, NSA, 1982-84=100",https://www.bls.gov/regions/midwest/data/consumerpriceindexhistorical_us_table.pdf,2026-09-20
2000-01-01,168.8,"U.S. Bureau of Labor Statistics, CPI-U all items, U.S. city average, NSA, 1982-84=100",https://www.bls.gov/regions/midwest/data/consumerpriceindexhistorical_us_table.pdf,2026-09-20
2000-02-01,169.8,"U.S. Bureau of Labor Statistics, CPI-U all items, U.S. city average, NSA, 1982-84=100",https://www.bls.gov/regions/midwest/data/consumerpriceindexhistorical_us_table.pdf,2026-09-20
2000-03-01,171.2,"U.S. Bureau of Labor Statistics, CPI-U all items, U.S. city average, NSA, 1982-84=100",https://www.bls.gov/regions/midwest/data/consumerpriceindexhistorical_us_table.pdf,2026-09-20
2000-04-01,171.3,"U.S. Bureau of Labor Statistics, CPI-U all items, U.S. city average, NSA, 1982-84=100",https://www.bls.gov/regions/midwest/data/consumerpriceindexhistorical_us_table.pdf,2026-09-20
2000-05-01,171.5,"U.S. Bureau of Labor Statistics, CPI-U all items, U.S. city average, NSA, 1982-84=100",https://www.bls.gov/regions/midwest/data/consumerpriceindexhistorical_us_table.pdf,2026-09-20
2000-06-01,172.4,"U.S. Bureau of Labor Statistics, CPI-U all items, U.S. city average, NSA, 1982-84=100",https://www.bls.gov/regions/midwest/data/consumerpriceindexhistorical_us_table.pdf,2026-09-20
2000-07-01,172.8,"U.S. Bureau of Labor Statistics, CPI-U all items, U.S. city average, NSA, 1982-84=100",https://www.bls.gov/regions/midwest/data/consumerpriceindexhistorical_us_table.pdf,2026-09-20
2000-08-01,172.8,"U.S. Bureau of Labor Statistics, CPI-U all items, U.S. city average, NSA, 1982-84=100",https://www.bls.gov/regions/midwest/data/consumerpriceindexhistorical_us_table.pdf,2026-09-20
2000-09-01,173.7,"U.S. Bureau of Labor Statistics, CPI-U all items, U.S. city average, NSA, 1982-84=100",https://www.bls.gov/regions/midwest/data/consumerpriceindexhistorical_us_table.pdf,2026-09-20
2000-10-01,174.0,"U.S. Bureau of Labor Statistics, CPI-U all items, U.S. city average, NSA, 1982-84=100",https://www.bls.gov/regions/midwest/data/consumerpriceindexhistorical_us_table.pdf,2026-09-20
2000-11-01,174.1,"U.S. Bureau of Labor Statistics, CPI-U all items, U.S. city average, NSA, 1982-84=100",https://www.bls.gov/regions/midwest/data/consumerpriceindexhistorical_us_table.pdf,2026-09-20
2000-12-01,174.0,"U.S. Bureau of Labor Statistics, CPI-U all items, U.S. city average, NSA, 1982-84=100",https://www.bls.gov/regions/midwest/data/consumerpriceindexhistorical_us_table.pdf,2026-09-20
2001-01-01,175.1,"U.S. Bureau of Labor Statistics, CPI-U all items, U.S. city average, NSA, 1982-84=100",https://www.bls.gov/regions/midwest/data/consumerpriceindexhistorical_us_table.pdf,2026-09-20
2001-02-01,175.8,"U.S. Bureau of Labor Statistics, CPI-U all items, U.S. city average, NSA, 1982-84=100",https://www.bls.gov/regions/midwest/data/consumerpriceindexhistorical_us_table.pdf,2026-09-20
2001-03-01,176.2,"U.S. Bureau of Labor Statistics, CPI-U all items, U.S. city average, NSA, 1982-84=100",https://www.bls.gov/regions/midwest/data/consumerpriceindexhistorical_us_table.pdf,2026-09-20
2001-04-01,176.9,"U.S. Bureau of Labor Statistics, CPI-U all items, U.S. city average, NSA, 1982-84=100",https://www.bls.gov/regions/midwest/data/consumerpriceindexhistorical_us_table.pdf,2026-09-20
2001-05-01,177.7,"U.S. Bureau of Labor Statistics, CPI-U all items, U.S. city average, NSA, 1982-84=100",https://www.bls.gov/regions/midwest/data/consumerpriceindexhistorical_us_table.pdf,2026-09-20
2001-06-01,178.0,"U.S. Bureau of Labor Statistics, CPI-U all items, U.S. city average, NSA, 1982-84=100",https://www.bls.gov/regions/midwest/data/consumerpriceindexhistorical_us_table.pdf,2026-09-20
2001-07-01,177.5,"U.S. Bureau of Labor Statistics, CPI-U all items, U.S. city average, NSA, 1982-84=100",https://www.bls.gov/regions/midwest/data/consumerpriceindexhistorical_us_table.pdf,2026-09-20
2001-08-01,177.5,"U.S. Bureau of Labor Statistics, CPI-U all items, U.S. city average, NSA, 1982-84=100",https://www.bls.gov/regions/midwest/data/consumerpriceindexhistorical_us_table.pdf,2026-09-20
2001-09-01,178.3,"U.S. Bureau of Labor Statistics, CPI-U all items, U.S. city average, NSA, 1982-84=100",https://www.bls.gov/regions/midwest/data/consumerpriceindexhistorical_us_table.pdf,2026-09-20
2001-10-01,177.7,"U.S. Bureau of Labor Statistics, CPI-U all items, U.S. city average, NSA, 1982-84=100",https://www.bls.gov/regions/midwest/data/consumerpriceindexhistorical_us_table.pdf,2026-09-20
2001-11-01,177.4,"U.S. Bureau of Labor Statistics, CPI-U all items, U.S. city average, NSA, 1982-84=100",https://www.bls.gov/regions/midwest/data/consumerpriceindexhistorical_us_table.pdf,2026-09-20
2001-12-01,176.7,"U.S. Bureau of Labor Statistics, CPI-U all items, U.S. city average, NSA, 1982-84=100",https://www.bls.gov/regions/midwest/data/consumerpriceindexhistorical_us_table.pdf,2026-09-20
2002-01-01,177.1,"U.S. Bureau of Labor Statistics, CPI-U all items, U.S. city average, NSA, 1982-84=100",https://www.bls.gov/regions/midwest/data/consumerpriceindexhistorical_us_table.pdf,2026-09-20
2002-02-01,177.8,"U.S. Bureau of Labor Statistics, CPI-U all items, U.S. city average, NSA, 1982-84=100",https://www.bls.gov/regions/midwest/data/consumerpriceindexhistorical_us_table.pdf,2026-09-20
2002-03-01,178.8,"U.S. Bureau of Labor Statistics, CPI-U all items, U.S. city average, NSA, 1982-84=100",https://www.bls.gov/regions/midwest/data/consumerpriceindexhistorical_us_table.pdf,2026-09-20
2002-04-01,179.8,"U.S. Bureau of Labor Statistics, CPI-U all items, U.S. city average, NSA, 1982-84=100",https://www.bls.gov/regions/midwest/data/consumerpriceindexhistorical_us_table.pdf,2026-09-20
2002-05-01,179.8,"U.S. Bureau of Labor Statistics, CPI-U all items, U.S. city average, NSA, 1982-84=100",https://www.bls.gov/regions/midwest/data/consumerpriceindexhistorical_us_table.pdf,2026-09-20
2002-06-01,179.9,"U.S. Bureau of Labor Statistics, CPI-U all items, U.S. city average, NSA, 1982-84=100",https://www.bls.gov/regions/midwest/data/consumerpriceindexhistorical_us_table.pdf,2026-09-20
2002-07-01,180.1,"U.S. Bureau of Labor Statistics, CPI-U all items, U.S. city average, NSA, 1982-84=100",https://www.bls.gov/regions/midwest/data/consumerpriceindexhistorical_us_table.pdf,2026-09-20
2002-08-01,180.7,"U.S. Bureau of Labor Statistics, CPI-U all items, U.S. city average, NSA, 1982-84=100",https://www.bls.gov/regions/midwest/data/consumerpriceindexhistorical_us_table.pdf,2026-09-20
2002-09-01,181.0,"U.S. Bureau of Labor Statistics, CPI-U all items, U.S. city average, NSA, 1982-84=100",https://www.bls.gov/regions/midwest/data/consumerpriceindexhistorical_us_table.pdf,2026-09-20
2002-10-01,181.3,"U.S. Bureau of Labor Statistics, CPI-U all items, U.S. city average, NSA, 1982-84=100",https://www.bls.gov/regions/midwest/data/consumerpriceindexhistorical_us_table.pdf,2026-09-20
2002-11-01,181.3,"U.S. Bureau of Labor Statistics, CPI-U all items, U.S. city average, NSA, 1982-84=100",https://www.bls.gov/regions/midwest/data/consumerpriceindexhistorical_us_table.pdf,2026-09-20
2002-12-01,180.9,"U.S. Bureau of Labor Statistics, CPI-U all items, U.S. city average, NSA, 1982-84=100",https://www.bls.gov/regions/midwest/data/consumerpriceindexhistorical_us_table.pdf,2026-09-20
2003-01-01,181.7,"U.S. Bureau of Labor Statistics, CPI-U all items, U.S. city average, NSA, 1982-84=100",https://www.bls.gov/regions/midwest/data/consumerpriceindexhistorical_us_table.pdf,2026-09-20
2003-02-01,183.1,"U.S. Bureau of Labor Statistics, CPI-U all items, U.S. city average, NSA, 1982-84=100",https://www.bls.gov/regions/midwest/data/consumerpriceindexhistorical_us_table.pdf,2026-09-20
2003-03-01,184.2,"U.S. Bureau of Labor Statistics, CPI-U all items, U.S. city average, NSA, 1982-84=100",https://www.bls.gov/regions/midwest/data/consumerpriceindexhistorical_us_table.pdf,2026-09-20
2003-04-01,183.8,"U.S. Bureau of Labor Statistics, CPI-U all items, U.S. city average, NSA, 1982-84=100",https://www.bls.gov/regions/midwest/data/consumerpriceindexhistorical_us_table.pdf,2026-09-20
2003-05-01,183.5,"U.S. Bureau of Labor Statistics, CPI-U all items, U.S. city average, NSA, 1982-84=100",https://www.bls.gov/regions/midwest/data/consumerpriceindexhistorical_us_table.pdf,2026-09-20
2003-06-01,183.7,"U.S. Bureau of Labor Statistics, CPI-U all items, U.S. city average, NSA, 1982-84=100",https://www.bls.gov/regions/midwest/data/consumerpriceindexhistorical_us_table.pdf,2026-09-20
2003-07-01,183.9,"U.S. Bureau of Labor Statistics, CPI-U all items, U.S. city average, NSA, 1982-84=100",https://www.bls.gov/regions/midwest/data/consumerpriceindexhistorical_us_table.pdf,2026-09-20
2003-08-01,184.6,"U.S. Bureau of Labor Statistics, CPI-U all items, U.S. city average, NSA, 1982-84=100",https://www.bls.gov/regions/midwest/data/consumerpriceindexhistorical_us_table.pdf,2026-09-20
2003-09-01,185.2,"U.S. Bureau of Labor Statistics, CPI-U all items, U.S. city average, NSA, 1982-84=100",https://www.bls.gov/regions/midwest/data/consumerpriceindexhistorical_us_table.pdf,2026-09-20
2003-10-01,185.0,"U.S. Bureau of Labor Statistics, CPI-U all items, U.S. city average, NSA, 1982-84=100",https://www.bls.gov/regions/midwest/data/consumerpriceindexhistorical_us_table.pdf,2026-09-20
2003-11-01,184.5,"U.S. Bureau of Labor Statistics, CPI-U all items, U.S. city average, NSA, 1982-84=100",https://www.bls.gov/regions/midwest/data/consumerpriceindexhistorical_us_table.pdf,2026-09-20
2003-12-01,184.3,"U.S. Bureau of Labor Statistics, CPI-U all items, U.S. city average, NSA, 1982-84=100",https://www.bls.gov/regions/midwest/data/consumerpriceindexhistorical_us_table.pdf,2026-09-20
2004-01-01,185.2,"U.S. Bureau of Labor Statistics, CPI-U all items, U.S. city average, NSA, 1982-84=100",https://www.bls.gov/regions/midwest/data/consumerpriceindexhistorical_us_table.pdf,2026-09-20
2004-02-01,186.2,"U.S. Bureau of Labor Statistics, CPI-U all items, U.S. city average, NSA, 1982-84=100",https://www.bls.gov/regions/midwest/data/consumerpriceindexhistorical_us_table.pdf,2026-09-20
2004-03-01,187.4,"U.S. Bureau of Labor Statistics, CPI-U all items, U.S. city average, NSA, 1982-84=100",https://www.bls.gov/regions/midwest/data/consumerpriceindexhistorical_us_table.pdf,2026-09-20
2004-04-01,188.0,"U.S. Bureau of Labor Statistics, CPI-U all items, U.S. city average, NSA, 1982-84=100",https://www.bls.gov/regions/midwest/data/consumerpriceindexhistorical_us_table.pdf,2026-09-20
2004-05-01,189.1,"U.S. Bureau of Labor Statistics, CPI-U all items, U.S. city average, NSA, 1982-84=100",https://www.bls.gov/regions/midwest/data/consumerpriceindexhistorical_us_table.pdf,2026-09-20
2004-06-01,189.7,"U.S. Bureau of Labor Statistics, CPI-U all items, U.S. city average, NSA, 1982-84=100",https://www.bls.gov/regions/midwest/data/consumerpriceindexhistorical_us_table.pdf,2026-09-20
2004-07-01,189.4,"U.S. Bureau of Labor Statistics, CPI-U all items, U.S. city average, NSA, 1982-84=100",https://www.bls.gov/regions/midwest/data/consumerpriceindexhistorical_us_table.pdf,2026-09-20
2004-08-01,189.5,"U.S. Bureau of Labor Statistics, CPI-U all items, U.S. city average, NSA, 1982-84=100",https://www.bls.gov/regions/midwest/data/consumerpriceindexhistorical_us_table.pdf,2026-09-20
2004-09-01,189.9,"U.S. Bureau of Labor Statistics, CPI-U all items, U.S. city average, NSA, 1982-84=100",https://www.bls.gov/regions/midwest/data/consumerpriceindexhistorical_us_table.pdf,2026-09-20
2004-10-01,190.9,"U.S. Bureau of Labor Statistics, CPI-U all items, U.S. city average, NSA, 1982-84=100",https://www.bls.gov/regions/midwest/data/consumerpriceindexhistorical_us_table.pdf,2026-09-20
2004-11-01,191.0,"U.S. Bureau of Labor Statistics, CPI-U all items, U.S. city average, NSA, 1982-84=100",https://www.bls.gov/regions/midwest/data/consumerpriceindexhistorical_us_table.pdf,2026-09-20
2004-12-01,190.3,"U.S. Bureau of Labor Statistics, CPI-U all items, U.S. city average, NSA, 1982-84=100",https://www.bls.gov/regions/midwest/data/consumerpriceindexhistorical_us_table.pdf,2026-09-20
2005-01-01,190.7,"U.S. Bureau of Labor Statistics, CPI-U all items, U.S. city average, NSA, 1982-84=100",https://www.bls.gov/regions/midwest/data/consumerpriceindexhistorical_us_table.pdf,2026-09-20
2005-02-01,191.8,"U.S. Bureau of Labor Statistics, CPI-U all items, U.S. city average, NSA, 1982-84=100",https://www.bls.gov/regions/midwest/data/consumerpriceindexhistorical_us_table.pdf,2026-09-20
2005-03-01,193.3,"U.S. Bureau of Labor Statistics, CPI-U all items, U.S. city average, NSA, 1982-84=100",https://www.bls.gov/regions/midwest/data/consumerpriceindexhistorical_us_table.pdf,2026-09-20
2005-04-01,194.6,"U.S. Bureau of Labor Statistics, CPI-U all items, U.S. city average, NSA, 1982-84=100",https://www.bls.gov/regions/midwest/data/consumerpriceindexhistorical_us_table.pdf,2026-09-20
2005-05-01,194.4,"U.S. Bureau of Labor Statistics, CPI-U all items, U.S. city average, NSA, 1982-84=100",https://www.bls.gov/regions/midwest/data/consumerpriceindexhistorical_us_table.pdf,2026-09-20
2005-06-01,194.5,"U.S. Bureau of Labor Statistics, CPI-U all items, U.S. city average, NSA, 1982-84=100",https://www.bls.gov/regions/midwest/data/consumerpriceindexhistorical_us_table.pdf,2026-09-20
2005-07-01,195.4,"U.S. Bureau of Labor Statistics, CPI-U all items, U.S. city average, NSA, 1982-84=100",https://www.bls.gov/regions/midwest/data/consumerpriceindexhistorical_us_table.pdf,2026-09-20
2005-08-01,196.4,"U.S. Bureau of Labor Statistics, CPI-U all items, U.S. city average, NSA, 1982-84=100",https://www.bls.gov/regions/midwest/data/consumerpriceindexhistorical_us_table.pdf,2026-09-20
2005-09-01,198.8,"U.S. Bureau of Labor Statistics, CPI-U all items, U.S. city average, NSA, 1982-84=100",https://www.bls.gov/regions/midwest/data/consumerpriceindexhistorical_us_table.pdf,2026-09-20
2005-10-01,199.2,"U.S. Bureau of Labor Statistics, CPI-U all items, U.S. city average, NSA, 1982-84=100",https://www.bls.gov/regions/midwest/data/consumerpriceindexhistorical_us_table.pdf,2026-09-20
2005-11-01,197.6,"U.S. Bureau of Labor Statistics, CPI-U all items, U.S. city average, NSA, 1982-84=100",https://www.bls.gov/regions/midwest/data/consumerpriceindexhistorical_us_table.pdf,2026-09-20
2005-12-01,196.8,"U.S. Bureau of Labor Statistics, CPI-U all items, U.S. city average, NSA, 1982-84=100",https://www.bls.gov/regions/midwest/data/consumerpriceindexhistorical_us_table.pdf,2026-09-20
2006-01-01,198.3,"U.S. Bureau of Labor Statistics, CPI-U all items, U.S. city average, NSA, 1982-84=100",https://www.bls.gov/regions/midwest/data/consumerpriceindexhistorical_us_table.pdf,2026-09-20
2006-02-01,198.7,"U.S. Bureau of Labor Statistics, CPI-U all items, U.S. city average, NSA, 1982-84=100",https://www.bls.gov/regions/midwest/data/consumerpriceindexhistorical_us_table.pdf,2026-09-20
2006-03-01,199.8,"U.S. Bureau of Labor Statistics, CPI-U all items, U.S. city average, NSA, 1982-84=100",https://www.bls.gov/regions/midwest/data/consumerpriceindexhistorical_us_table.pdf,2026-09-20
2006-04-01,201.5,"U.S. Bureau of Labor Statistics, CPI-U all items, U.S. city average, NSA, 1982-84=100",https://www.bls.gov/regions/midwest/data/consumerpriceindexhistorical_us_table.pdf,2026-09-20
2006-05-01,202.5,"U.S. Bureau of Labor Statistics, CPI-U all items, U.S. city average, NSA, 1982-84=100",https://www.bls.gov/regions/midwest/data/consumerpriceindexhistorical_us_table.pdf,2026-09-20
2006-06-01,202.9,"U.S. Bureau of Labor Statistics, CPI-U all items, U.S. city average, NSA, 1982-84=100",https://www.bls.gov/regions/midwest/data/consumerpriceindexhistorical_us_table.pdf,2026-09-20
2006-07-01,203.5,"U.S. Bureau of Labor Statistics, CPI-U all items, U.S. city average, NSA, 1982-84=100",https://www.bls.gov/regions/midwest/data/consumerpriceindexhistorical_us_table.pdf,2026-09-20
2006-08-01,203.9,"U.S. Bureau of Labor Statistics, CPI-U all items, U.S. city average, NSA, 1982-84=100",https://www.bls.gov/regions/midwest/data/consumerpriceindexhistorical_us_table.pdf,2026-09-20
2006-09-01,202.9,"U.S. Bureau of Labor Statistics, CPI-U all items, U.S. city average, NSA, 1982-84=100",https://www.bls.gov/regions/midwest/data/consumerpriceindexhistorical_us_table.pdf,2026-09-20
2006-10-01,201.8,"U.S. Bureau of Labor Statistics, CPI-U all items, U.S. city average, NSA, 1982-84=100",https://www.bls.gov/regions/midwest/data/consumerpriceindexhistorical_us_table.pdf,2026-09-20
2006-11-01,201.5,"U.S. Bureau of Labor Statistics, CPI-U all items, U.S. city average, NSA, 1982-84=100",https://www.bls.gov/regions/midwest/data/consumerpriceindexhistorical_us_table.pdf,2026-09-20
2006-12-01,201.8,"U.S. Bureau of Labor Statistics, CPI-U all items, U.S. city average, NSA, 1982-84=100",https://www.bls.gov/regions/midwest/data/consumerpriceindexhistorical_us_table.pdf,2026-09-20
2007-01-01,202.416,"U.S. Bureau of Labor Statistics, CPI-U all items, U.S. city average, NSA, 1982-84=100",https://www.bls.gov/regions/midwest/data/consumerpriceindexhistorical_us_table.pdf,2026-09-20
2007-02-01,203.499,"U.S. Bureau of Labor Statistics, CPI-U all items, U.S. city average, NSA, 1982-84=100",https://www.bls.gov/regions/midwest/data/consumerpriceindexhistorical_us_table.pdf,2026-09-20
2007-03-01,205.352,"U.S. Bureau of Labor Statistics, CPI-U all items, U.S. city average, NSA, 1982-84=100",https://www.bls.gov/regions/midwest/data/consumerpriceindexhistorical_us_table.pdf,2026-09-20
2007-04-01,206.686,"U.S. Bureau of Labor Statistics, CPI-U all items, U.S. city average, NSA, 1982-84=100",https://www.bls.gov/regions/midwest/data/consumerpriceindexhistorical_us_table.pdf,2026-09-20
2007-05-01,207.949,"U.S. Bureau of Labor Statistics, CPI-U all items, U.S. city average, NSA, 1982-84=100",https://www.bls.gov/regions/midwest/data/consumerpriceindexhistorical_us_table.pdf,2026-09-20
2007-06-01,208.352,"U.S. Bureau of Labor Statistics, CPI-U all items, U.S. city average, NSA, 1982-84=100",https://www.bls.gov/regions/midwest/data/consumerpriceindexhistorical_us_table.pdf,2026-09-20
2007-07-01,208.299,"U.S. Bureau of Labor Statistics, CPI-U all items, U.S. city average, NSA, 1982-84=100",https://www.bls.gov/regions/midwest/data/consumerpriceindexhistorical_us_table.pdf,2026-09-20
2007-08-01,207.917,"U.S. Bureau of Labor Statistics, CPI-U all items, U.S. city average, NSA, 1982-84=100",https://www.bls.gov/regions/midwest/data/consumerpriceindexhistorical_us_table.pdf,2026-09-20
2007-09-01,208.49,"U.S. Bureau of Labor Statistics, CPI-U all items, U.S. city average, NSA, 1982-84=100",https://www.bls.gov/regions/midwest/data/consumerpriceindexhistorical_us_table.pdf,2026-09-20
2007-10-01,208.936,"U.S. Bureau of Labor Statistics, CPI-U all items, U.S. city average, NSA, 1982-84=100",https://www.bls.gov/regions/midwest/data/consumerpriceindexhistorical_us_table.pdf,2026-09-20
2007-11-01,210.177,"U.S. Bureau of Labor Statistics, CPI-U all items, U.S. city average, NSA, 1982-84=100",https://www.bls.gov/regions/midwest/data/consumerpriceindexhistorical_us_table.pdf,2026-09-20
2007-12-01,210.036,"U.S. Bureau of Labor Statistics, CPI-U all items, U.S. city average, NSA, 1982-84=100",https://www.bls.gov/regions/midwest/data/consumerpriceindexhistorical_us_table.pdf,2026-09-20
2008-01-01,211.08,"U.S. Bureau of Labor Statistics, CPI-U all items, U.S. city average, NSA, 1982-84=100",https://www.bls.gov/regions/midwest/data/consumerpriceindexhistorical_us_table.pdf,2026-09-20
2008-02-01,211.693,"U.S. Bureau of Labor Statistics, CPI-U all items, U.S. city average, NSA, 1982-84=100",https://www.bls.gov/regions/midwest/data/consumerpriceindexhistorical_us_table.pdf,2026-09-20
2008-03-01,213.528,"U.S. Bureau of Labor Statistics, CPI-U all items, U.S. city average, NSA, 1982-84=100",https://www.bls.gov/regions/midwest/data/consumerpriceindexhistorical_us_table.pdf,2026-09-20
2008-04-01,214.823,"U.S. Bureau of Labor Statistics, CPI-U all items, U.S. city average, NSA, 1982-84=100",https://www.bls.gov/regions/midwest/data/consumerpriceindexhistorical_us_table.pdf,2026-09-20
2008-05-01,216.632,"U.S. Bureau of Labor Statistics, CPI-U all items, U.S. city average, NSA, 1982-84=100",https://www.bls.gov/regions/midwest/data/consumerpriceindexhistorical_us_table.pdf,2026-09-20
2008-06-01,218.815,"U.S. Bureau of Labor Statistics, CPI-U all items, U.S. city average, NSA, 1982-84=100",https://www.bls.gov/regions/midwest/data/consumerpriceindexhistorical_us_table.pdf,2026-09-20
2008-07-01,219.964,"U.S. Bureau of Labor Statistics, CPI-U all items, U.S. city average, NSA, 1982-84=100",https://www.bls.gov/regions/midwest/data/consumerpriceindexhistorical_us_table.pdf,2026-09-20
2008-08-01,219.086,"U.S. Bureau of Labor Statistics, CPI-U all items, U.S. city average, NSA, 1982-84=100",https://www.bls.gov/regions/midwest/data/consumerpriceindexhistorical_us_table.pdf,2026-09-20
2008-09-01,218.783,"U.S. Bureau of Labor Statistics, CPI-U all items, U.S. city average, NSA, 1982-84=100",https://www.bls.gov/regions/midwest/data/consumerpriceindexhistorical_us_table.pdf,2026-09-20
2008-10-01,216.573,"U.S. Bureau of Labor Statistics, CPI-U all items, U.S. city average, NSA, 1982-84=100",https://www.bls.gov/regions/midwest/data/consumerpriceindexhistorical_us_table.pdf,2026-09-20
2008-11-01,212.425,"U.S. Bureau of Labor Statistics, CPI-U all items, U.S. city average, NSA, 1982-84=100",https://www.bls.gov/regions/midwest/data/consumerpriceindexhistorical_us_table.pdf,2026-09-20
2008-12-01,210.228,"U.S. Bureau of Labor Statistics, CPI-U all items, U.S. city average, NSA, 1982-84=100",https://www.bls.gov/regions/midwest/data/consumerpriceindexhistorical_us_table.pdf,2026-09-20
2009-01-01,211.143,"U.S. Bureau of Labor Statistics, CPI-U all items, U.S. city average, NSA, 1982-84=100",https://www.bls.gov/regions/midwest/data/consumerpriceindexhistorical_us_table.pdf,2026-09-20
2009-02-01,212.193,"U.S. Bureau of Labor Statistics, CPI-U all items, U.S. city average, NSA, 1982-84=100",https://www.bls.gov/regions/midwest/data/consumerpriceindexhistorical_us_table.pdf,2026-09-20
2009-03-01,212.709,"U.S. Bureau of Labor Statistics, CPI-U all items, U.S. city average, NSA, 1982-84=100",https://www.bls.gov/regions/midwest/data/consumerpriceindexhistorical_us_table.pdf,2026-09-20
2009-04-01,213.24,"U.S. Bureau of Labor Statistics, CPI-U all items, U.S. city average, NSA, 1982-84=100",https://www.bls.gov/regions/midwest/data/consumerpriceindexhistorical_us_table.pdf,2026-09-20
2009-05-01,213.856,"U.S. Bureau of Labor Statistics, CPI-U all items, U.S. city average, NSA, 1982-84=100",https://www.bls.gov/regions/midwest/data/consumerpriceindexhistorical_us_table.pdf,2026-09-20
2009-06-01,215.693,"U.S. Bureau of Labor Statistics, CPI-U all items, U.S. city average, NSA, 1982-84=100",https://www.bls.gov/regions/midwest/data/consumerpriceindexhistorical_us_table.pdf,2026-09-20
2009-07-01,215.351,"U.S. Bureau of Labor Statistics, CPI-U all items, U.S. city average, NSA, 1982-84=100",https://www.bls.gov/regions/midwest/data/consumerpriceindexhistorical_us_table.pdf,2026-09-20
2009-08-01,215.834,"U.S. Bureau of Labor Statistics, CPI-U all items, U.S. city average, NSA, 1982-84=100",https://www.bls.gov/regions/midwest/data/consumerpriceindexhistorical_us_table.pdf,2026-09-20
2009-09-01,215.969,"U.S. Bureau of Labor Statistics, CPI-U all items, U.S. city average, NSA, 1982-84=100",https://www.bls.gov/regions/midwest/data/consumerpriceindexhistorical_us_table.pdf,2026-09-20
2009-10-01,216.177,"U.S. Bureau of Labor Statistics, CPI-U all items, U.S. city average, NSA, 1982-84=100",https://www.bls.gov/regions/midwest/data/consumerpriceindexhistorical_us_table.pdf,2026-09-20
2009-11-01,216.33,"U.S. Bureau of Labor Statistics, CPI-U all items, U.S. city average, NSA, 1982-84=100",https://www.bls.gov/regions/midwest/data/consumerpriceindexhistorical_us_table.pdf,2026-09-20
2009-12-01,215.949,"U.S. Bureau of Labor Statistics, CPI-U all items, U.S. city average, NSA, 1982-84=100",https://www.bls.gov/regions/midwest/data/consumerpriceindexhistorical_us_table.pdf,2026-09-20
2010-01-01,216.687,"U.S. Bureau of Labor Statistics, CPI-U all items, U.S. city average, NSA, 1982-84=100",https://www.bls.gov/regions/midwest/data/consumerpriceindexhistorical_us_table.pdf,2026-09-20
2010-02-01,216.741,"U.S. Bureau of Labor Statistics, CPI-U all items, U.S. city average, NSA, 1982-84=100",https://www.bls.gov/regions/midwest/data/consumerpriceindexhistorical_us_table.pdf,2026-09-20
2010-03-01,217.631,"U.S. Bureau of Labor Statistics, CPI-U all items, U.S. city average, NSA, 1982-84=100",https://www.bls.gov/regions/midwest/data/consumerpriceindexhistorical_us_table.pdf,2026-09-20
2010-04-01,218.009,"U.S. Bureau of Labor Statistics, CPI-U all items, U.S. city average, NSA, 1982-84=100",https://www.bls.gov/regions/midwest/data/consumerpriceindexhistorical_us_table.pdf,2026-09-20
2010-05-01,218.178,"U.S. Bureau of Labor Statistics, CPI-U all items, U.S. city average, NSA, 1982-84=100",https://www.bls.gov/regions/midwest/data/consumerpriceindexhistorical_us_table.pdf,2026-09-20
2010-06-01,217.965,"U.S. Bureau of Labor Statistics, CPI-U all items, U.S. city average, NSA, 1982-84=100",https://www.bls.gov/regions/midwest/data/consumerpriceindexhistorical_us_table.pdf,2026-09-20
2010-07-01,218.011,"U.S. Bureau of Labor Statistics, CPI-U all items, U.S. city average, NSA, 1982-84=100",https://www.bls.gov/regions/midwest/data/consumerpriceindexhistorical_us_table.pdf,2026-09-20
2010-08-01,218.312,"U.S. Bureau of Labor Statistics, CPI-U all items, U.S. city average, NSA, 1982-84=100",https://www.bls.gov/regions/midwest/data/consumerpriceindexhistorical_us_table.pdf,2026-09-20
2010-09-01,218.439,"U.S. Bureau of Labor Statistics, CPI-U all items, U.S. city average, NSA, 1982-84=100",https://www.bls.gov/regions/midwest/data/consumerpriceindexhistorical_us_table.pdf,2026-09-20
2010-10-01,218.711,"U.S. Bureau of Labor Statistics, CPI-U all items, U.S. city average, NSA, 1982-84=100",https://www.bls.gov/regions/midwest/data/consumerpriceindexhistorical_us_table.pdf,2026-09-20
2010-11-01,218.803,"U.S. Bureau of Labor Statistics, CPI-U all items, U.S. city average, NSA, 1982-84=100",https://www.bls.gov/regions/midwest/data/consumerpriceindexhistorical_us_table.pdf,2026-09-20
2010-12-01,219.179,"U.S. Bureau of Labor Statistics, CPI-U all items, U.S. city average, NSA, 1982-84=100",https://www.bls.gov/regions/midwest/data/consumerpriceindexhistorical_us_table.pdf,2026-09-20
2011-01-01,220.223,"U.S. Bureau of Labor Statistics, CPI-U all items, U.S. city average, NSA, 1982-84=100",https://www.bls.gov/regions/midwest/data/consumerpriceindexhistorical_us_table.pdf,2026-09-20
2011-02-01,221.309,"U.S. Bureau of Labor Statistics, CPI-U all items, U.S. city average, NSA, 1982-84=100",https://www.bls.gov/regions/midwest/data/consumerpriceindexhistorical_us_table.pdf,2026-09-20
2011-03-01,223.467,"U.S. Bureau of Labor Statistics, CPI-U all items, U.S. city average, NSA, 1982-84=100",https://www.bls.gov/regions/midwest/data/consumerpriceindexhistorical_us_table.pdf,2026-09-20
2011-04-01,224.906,"U.S. Bureau of Labor Statistics, CPI-U all items, U.S. city average, NSA, 1982-84=100",https://www.bls.gov/regions/midwest/data/consumerpriceindexhistorical_us_table.pdf,2026-09-20
2011-05-01,225.964,"U.S. Bureau of Labor Statistics, CPI-U all items, U.S. city average, NSA, 1982-84=100",https://www.bls.gov/regions/midwest/data/consumerpriceindexhistorical_us_table.pdf,2026-09-20
2011-06-01,225.722,"U.S. Bureau of Labor Statistics, CPI-U all items, U.S. city average, NSA, 1982-84=100",https://www.bls.gov/regions/midwest/data/consumerpriceindexhistorical_us_table.pdf,2026-09-20
2011-07-01,225.922,"U.S. Bureau of Labor Statistics, CPI-U all items, U.S. city average, NSA, 1982-84=100",https://www.bls.gov/regions/midwest/data/consumerpriceindexhistorical_us_table.pdf,2026-09-20
2011-08-01,226.545,"U.S. Bureau of Labor Statistics, CPI-U all items, U.S. city average, NSA, 1982-84=100",https://www.bls.gov/regions/midwest/data/consumerpriceindexhistorical_us_table.pdf,2026-09-20
2011-09-01,226.889,"U.S. Bureau of Labor Statistics, CPI-U all items, U.S. city average, NSA, 1982-84=100",https://www.bls.gov/regions/midwest/data/consumerpriceindexhistorical_us_table.pdf,2026-09-20
2011-10-01,226.421,"U.S. Bureau of Labor Statistics, CPI-U all items, U.S. city average, NSA, 1982-84=100",https://www.bls.gov/regions/midwest/data/consumerpriceindexhistorical_us_table.pdf,2026-09-20
2011-11-01,226.23,"U.S. Bureau of Labor Statistics, CPI-U all items, U.S. city average, NSA, 1982-84=100",https://www.bls.gov/regions/midwest/data/consumerpriceindexhistorical_us_table.pdf,2026-09-20
2011-12-01,225.672,"U.S. Bureau of Labor Statistics, CPI-U all items, U.S. city average, NSA, 1982-84=100",https://www.bls.gov/regions/midwest/data/consumerpriceindexhistorical_us_table.pdf,2026-09-20
2012-01-01,226.665,"U.S. Bureau of Labor Statistics, CPI-U all items, U.S. city average, NSA, 1982-84=100",https://www.bls.gov/regions/midwest/data/consumerpriceindexhistorical_us_table.pdf,2026-09-20
2012-02-01,227.663,"U.S. Bureau of Labor Statistics, CPI-U all items, U.S. city average, NSA, 1982-84=100",https://www.bls.gov/regions/midwest/data/consumerpriceindexhistorical_us_table.pdf,2026-09-20
2012-03-01,229.392,"U.S. Bureau of Labor Statistics, CPI-U all items, U.S. city average, NSA, 1982-84=100",https://www.bls.gov/regions/midwest/data/consumerpriceindexhistorical_us_table.pdf,2026-09-20
2012-04-01,230.085,"U.S. Bureau of Labor Statistics, CPI-U all items, U.S. city average, NSA, 1982-84=100",https://www.bls.gov/regions/midwest/data/consumerpriceindexhistorical_us_table.pdf,2026-09-20
2012-05-01,229.815,"U.S. Bureau of Labor Statistics, CPI-U all items, U.S. city average, NSA, 1982-84=100",https://www.bls.gov/regions/midwest/data/consumerpriceindexhistorical_us_table.pdf,2026-09-20
2012-06-01,229.478,"U.S. Bureau of Labor Statistics, CPI-U all items, U.S. city average, NSA, 1982-84=100",https://www.bls.gov/regions/midwest/data/consumerpriceindexhistorical_us_table.pdf,2026-09-20
2012-07-01,229.104,"U.S. Bureau of Labor Statistics, CPI-U all items, U.S. city average, NSA, 1982-84=100",https://www.bls.gov/regions/midwest/data/consumerpriceindexhistorical_us_table.pdf,2026-09-20
2012-08-01,230.379,"U.S. Bureau of Labor Statistics, CPI-U all items, U.S. city average, NSA, 1982-84=100",https://www.bls.gov/regions/midwest/data/consumerpriceindexhistorical_us_table.pdf,2026-09-20
2012-09-01,231.407,"U.S. Bureau of Labor Statistics, CPI-U all items, U.S. city average, NSA, 1982-84=100",https://www.bls.gov/regions/midwest/data/consumerpriceindexhistorical_us_table.pdf,2026-09-20
2012-10-01,231.317,"U.S. Bureau of Labor Statistics, CPI-U all items, U.S. city average, NSA, 1982-84=100",https://www.bls.gov/regions/midwest/data/consumerpriceindexhistorical_us_table.pdf,2026-09-20
2012-11-01,230.221,"U.S. Bureau of Labor Statistics, CPI-U all items, U.S. city average, NSA, 1982-84=100",https://www.bls.gov/regions/midwest/data/consumerpriceindexhistorical_us_table.pdf,2026-09-20
2012-12-01,229.601,"U.S. Bureau of Labor Statistics, CPI-U all items, U.S. city average, NSA, 1982-84=100",https://www.bls.gov/regions/midwest/data/consumerpriceindexhistorical_us_table.pdf,2026-09-20
2013-01-01,230.28,"U.S. Bureau of Labor Statistics, CPI-U all items, U.S. city average, NSA, 1982-84=100",https://www.bls.gov/regions/midwest/data/consumerpriceindexhistorical_us_table.pdf,2026-09-20
2013-02-01,232.166,"U.S. Bureau of Labor Statistics, CPI-U all items, U.S. city average, NSA, 1982-84=100",https://www.bls.gov/regions/midwest/data/consumerpriceindexhistorical_us_table.pdf,2026-09-20
2013-03-01,232.773,"U.S. Bureau of Labor Statistics, CPI-U all items, U.S. city average, NSA, 1982-84=100",https://www.bls.gov/regions/midwest/data/consumerpriceindexhistorical_us_table.pdf,2026-09-20
2013-04-01,232.531,"U.S. Bureau of Labor Statistics, CPI-U all items, U.S. city average, NSA, 1982-84=100",https://www.bls.gov/regions/midwest/data/consumerpriceindexhistorical_us_table.pdf,2026-09-20
2013-05-01,232.945,"U.S. Bureau of Labor Statistics, CPI-U all items, U.S. city average, NSA, 1982-84=100",https://www.bls.gov/regions/midwest/data/consumerpriceindexhistorical_us_table.pdf,2026-09-20
2013-06-01,233.504,"U.S. Bureau of Labor Statistics, CPI-U all items, U.S. city average, NSA, 1982-84=100",https://www.bls.gov/regions/midwest/data/consumerpriceindexhistorical_us_table.pdf,2026-09-20
2013-07-01,233.596,"U.S. Bureau of Labor Statistics, CPI-U all items, U.S. city average, NSA, 1982-84=100",https://www.bls.gov/regions/midwest/data/consumerpriceindexhistorical_us_table.pdf,2026-09-20
2013-08-01,233.877,"U.S. Bureau of Labor Statistics, CPI-U all items, U.S. city average, NSA, 1982-84=100",https://www.bls.gov/regions/midwest/data/consumerpriceindexhistorical_us_table.pdf,2026-09-20
2013-09-01,234.149,"U.S. Bureau of Labor Statistics, CPI-U all items, U.S. city average, NSA, 1982-84=100",https://www.bls.gov/regions/midwest/data/consumerpriceindexhistorical_us_table.pdf,2026-09-20
2013-10-01,233.546,"U.S. Bureau of Labor Statistics, CPI-U all items, U.S. city average, NSA, 1982-84=100",https://www.bls.gov/regions/midwest/data/consumerpriceindexhistorical_us_table.pdf,2026-09-20
2013-11-01,233.069,"U.S. Bureau of Labor Statistics, CPI-U all items, U.S. city average, NSA, 1982-84=100",https://www.bls.gov/regions/midwest/data/consumerpriceindexhistorical_us_table.pdf,2026-09-20
2013-12-01,233.049,"U.S. Bureau of Labor Statistics, CPI-U all items, U.S. city average, NSA, 1982-84=100",https://www.bls.gov/regions/midwest/data/consumerpriceindexhistorical_us_table.pdf,2026-09-20
2014-01-01,233.916,"U.S. Bureau of Labor Statistics, CPI-U all items, U.S. city average, NSA, 1982-84=100",https://www.bls.gov/regions/midwest/data/consumerpriceindexhistorical_us_table.pdf,2026-09-20
2014-02-01,234.781,"U.S. Bureau of Labor Statistics, CPI-U all items, U.S. city average, NSA, 1982-84=100",https://www.bls.gov/regions/midwest/data/consumerpriceindexhistorical_us_table.pdf,2026-09-20
2014-03-01,236.293,"U.S. Bureau of Labor Statistics, CPI-U all items, U.S. city average, NSA, 1982-84=100",https://www.bls.gov/regions/midwest/data/consumerpriceindexhistorical_us_table.pdf,2026-09-20
2014-04-01,237.072,"U.S. Bureau of Labor Statistics, CPI-U all items, U.S. city average, NSA, 1982-84=100",https://www.bls.gov/regions/midwest/data/consumerpriceindexhistorical_us_table.pdf,2026-09-20
2014-05-01,237.9,"U.S. Bureau of Labor Statistics, CPI-U all items, U.S. city average, NSA, 1982-84=100",https://www.bls.gov/regions/midwest/data/consumerpriceindexhistorical_us_table.pdf,2026-09-20
2014-06-01,238.343,"U.S. Bureau of Labor Statistics, CPI-U all items, U.S. city average, NSA, 1982-84=100",https://www.bls.gov/regions/midwest/data/consumerpriceindexhistorical_us_table.pdf,2026-09-20
2014-07-01,238.25,"U.S. Bureau of Labor Statistics, CPI-U all items, U.S. city average, NSA, 1982-84=100",https://www.bls.gov/regions/midwest/data/consumerpriceindexhistorical_us_table.pdf,2026-09-20
2014-08-01,237.852,"U.S. Bureau of Labor Statistics, CPI-U all items, U.S. city average, NSA, 1982-84=100",https://www.bls.gov/regions/midwest/data/consumerpriceindexhistorical_us_table.pdf,2026-09-20
2014-09-01,238.031,"U.S. Bureau of Labor Statistics, CPI-U all items, U.S. city average, NSA, 1982-84=100",https://www.bls.gov/regions/midwest/data/consumerpriceindexhistorical_us_table.pdf,2026-09-20
2014-10-01,237.433,"U.S. Bureau of Labor Statistics, CPI-U all items, U.S. city average, NSA, 1982-84=100",https://www.bls.gov/regions/midwest/data/consumerpriceindexhistorical_us_table.pdf,2026-09-20
2014-11-01,236.151,"U.S. Bureau of Labor Statistics, CPI-U all items, U.S. city average, NSA, 1982-84=100",https://www.bls.gov/regions/midwest/data/consumerpriceindexhistorical_us_table.pdf,2026-09-20
2014-12-01,234.812,"U.S. Bureau of Labor Statistics, CPI-U all items, U.S. city average, NSA, 1982-84=100",https://www.bls.gov/regions/midwest/data/consumerpriceindexhistorical_us_table.pdf,2026-09-20
2015-01-01,233.707,"U.S. Bureau of Labor Statistics, CPI-U all items, U.S. city average, NSA, 1982-84=100",https://www.bls.gov/regions/midwest/data/consumerpriceindexhistorical_us_table.pdf,2026-09-20
2015-02-01,234.722,"U.S. Bureau of Labor Statistics, CPI-U all items, U.S. city average, NSA, 1982-84=100",https://www.bls.gov/regions/midwest/data/consumerpriceindexhistorical_us_table.pdf,2026-09-20
2015-03-01,236.119,"U.S. Bureau of Labor Statistics, CPI-U all items, U.S. city average, NSA, 1982-84=100",https://www.bls.gov/regions/midwest/data/consumerpriceindexhistorical_us_table.pdf,2026-09-20
2015-04-01,236.599,"U.S. Bureau of Labor Statistics, CPI-U all items, U.S. city average, NSA, 1982-84=100",https://www.bls.gov/regions/midwest/data/consumerpriceindexhistorical_us_table.pdf,2026-09-20
2015-05-01,237.805,"U.S. Bureau of Labor Statistics, CPI-U all items, U.S. city average, NSA, 1982-84=100",https://www.bls.gov/regions/midwest/data/consumerpriceindexhistorical_us_table.pdf,2026-09-20
2015-06-01,238.638,"U.S. Bureau of Labor Statistics, CPI-U all items, U.S. city average, NSA, 1982-84=100",https://www.bls.gov/regions/midwest/data/consumerpriceindexhistorical_us_table.pdf,2026-09-20
2015-07-01,238.654,"U.S. Bureau of Labor Statistics, CPI-U all items, U.S. city average, NSA, 1982-84=100",https://www.bls.gov/regions/midwest/data/consumerpriceindexhistorical_us_table.pdf,2026-09-20
2015-08-01,238.316,"U.S. Bureau of Labor Statistics, CPI-U all items, U.S. city average, NSA, 1982-84=100",https://www.bls.gov/regions/midwest/data/consumerpriceindexhistorical_us_table.pdf,2026-09-20
2015-09-01,237.945,"U.S. Bureau of Labor Statistics, CPI-U all items, U.S. city average, NSA, 1982-84=100",https://www.bls.gov/regions/midwest/data/consumerpriceindexhistorical_us_table.pdf,2026-09-20
2015-10-01,237.838,"U.S. Bureau of Labor Statistics, CPI-U all items, U.S. city average, NSA, 1982-84=100",https://www.bls.gov/regions/midwest/data/consumerpriceindexhistorical_us_table.pdf,2026-09-20
2015-11-01,237.336,"U.S. Bureau of Labor Statistics, CPI-U all items, U.S. city average, NSA, 1982-84=100",https://www.bls.gov/regions/midwest/data/consumerpriceindexhistorical_us_table.pdf,2026-09-20
2015-12-01,236.525,"U.S. Bureau of Labor Statistics, CPI-U all items, U.S. city average, NSA, 1982-84=100",https://www.bls.gov/regions/midwest/data/consumerpriceindexhistorical_us_table.pdf,2026-09-20
2016-01-01,236.916,"U.S. Bureau of Labor Statistics, CPI-U all items, U.S. city average, NSA, 1982-84=100",https://www.bls.gov/regions/midwest/data/consumerpriceindexhistorical_us_table.pdf,2026-09-20
2016-02-01,237.111,"U.S. Bureau of Labor Statistics, CPI-U all items, U.S. city average, NSA, 1982-84=100",https://www.bls.gov/regions/midwest/data/consumerpriceindexhistorical_us_table.pdf,2026-09-20
2016-03-01,238.132,"U.S. Bureau of Labor Statistics, CPI-U all items, U.S. city average, NSA, 1982-84=100",https://www.bls.gov/regions/midwest/data/consumerpriceindexhistorical_us_table.pdf,2026-09-20
2016-04-01,239.261,"U.S. Bureau of Labor Statistics, CPI-U all items, U.S. city average, NSA, 1982-84=100",https://www.bls.gov/regions/midwest/data/consumerpriceindexhistorical_us_table.pdf,2026-09-20
2016-05-01,240.229,"U.S. Bureau of Labor Statistics, CPI-U all items, U.S. city average, NSA, 1982-84=100",https://www.bls.gov/regions/midwest/data/consumerpriceindexhistorical_us_table.pdf,2026-09-20
2016-06-01,241.018,"U.S. Bureau of Labor Statistics, CPI-U all items, U.S. city average, NSA, 1982-84=100",https://www.bls.gov/regions/midwest/data/consumerpriceindexhistorical_us_table.pdf,2026-09-20
2016-07-01,240.628,"U.S. Bureau of Labor Statistics, CPI-U all items, U.S. city average, NSA, 1982-84=100",https://www.bls.gov/regions/midwest/data/consumerpriceindexhistorical_us_table.pdf,2026-09-20
2016-08-01,240.849,"U.S. Bureau of Labor Statistics, CPI-U all items, U.S. city average, NSA, 1982-84=100",https://www.bls.gov/regions/midwest/data/consumerpriceindexhistorical_us_table.pdf,2026-09-20
2016-09-01,241.428,"U.S. Bureau of Labor Statistics, CPI-U all items, U.S. city average, NSA, 1982-84=100",https://www.bls.gov/regions/midwest/data/consumerpriceindexhistorical_us_table.pdf,2026-09-20
2016-10-01,241.729,"U.S. Bureau of Labor Statistics, CPI-U all items, U.S. city average, NSA, 1982-84=100",https://www.bls.gov/regions/midwest/data/consumerpriceindexhistorical_us_table.pdf,2026-09-20
2016-11-01,241.353,"U.S. Bureau of Labor Statistics, CPI-U all items, U.S. city average, NSA, 1982-84=100",https://www.bls.gov/regions/midwest/data/consumerpriceindexhistorical_us_table.pdf,2026-09-20
2016-12-01,241.432,"U.S. Bureau of Labor Statistics, CPI-U all items, U.S. city average, NSA, 1982-84=100",https://www.bls.gov/regions/midwest/data/consumerpriceindexhistorical_us_table.pdf,2026-09-20
2017-01-01,242.839,"U.S. Bureau of Labor Statistics, CPI-U all items, U.S. city average, NSA, 1982-84=100",https://www.bls.gov/regions/midwest/data/consumerpriceindexhistorical_us_table.pdf,2026-09-20
2017-02-01,243.603,"U.S. Bureau of Labor Statistics, CPI-U all items, U.S. city average, NSA, 1982-84=100",https://www.bls.gov/regions/midwest/data/consumerpriceindexhistorical_us_table.pdf,2026-09-20
2017-03-01,243.801,"U.S. Bureau of Labor Statistics, CPI-U all items, U.S. city average, NSA, 1982-84=100",https://www.bls.gov/regions/midwest/data/consumerpriceindexhistorical_us_table.pdf,2026-09-20
2017-04-01,244.524,"U.S. Bureau of Labor Statistics, CPI-U all items, U.S. city average, NSA, 1982-84=100",https://www.bls.gov/regions/midwest/data/consumerpriceindexhistorical_us_table.pdf,2026-09-20
2017-05-01,244.733,"U.S. Bureau of Labor Statistics, CPI-U all items, U.S. city average, NSA, 1982-84=100",https://www.bls.gov/regions/midwest/data/consumerpriceindexhistorical_us_table.pdf,2026-09-20
2017-06-01,244.955,"U.S. Bureau of Labor Statistics, CPI-U all items, U.S. city average, NSA, 1982-84=100",https://www.bls.gov/regions/midwest/data/consumerpriceindexhistorical_us_table.pdf,2026-09-20
2017-07-01,244.786,"U.S. Bureau of Labor Statistics, CPI-U all items, U.S. city average, NSA, 1982-84=100",https://www.bls.gov/regions/midwest/data/consumerpriceindexhistorical_us_table.pdf,2026-09-20
2017-08-01,245.519,"U.S. Bureau of Labor Statistics, CPI-U all items, U.S. city average, NSA, 1982-84=100",https://www.bls.gov/regions/midwest/data/consumerpriceindexhistorical_us_table.pdf,2026-09-20
2017-09-01,246.819,"U.S. Bureau of Labor Statistics, CPI-U all items, U.S. city average, NSA, 1982-84=100",https://www.bls.gov/regions/midwest/data/consumerpriceindexhistorical_us_table.pdf,2026-09-20
2017-10-01,246.663,"U.S. Bureau of Labor Statistics, CPI-U all items, U.S. city average, NSA, 1982-84=100",https://www.bls.gov/regions/midwest/data/consumerpriceindexhistorical_us_table.pdf,2026-09-20
2017-11-01,246.669,"U.S. Bureau of Labor Statistics, CPI-U all items, U.S. city average, NSA, 1982-84=100",https://www.bls.gov/regions/midwest/data/consumerpriceindexhistorical_us_table.pdf,2026-09-20
2017-12-01,246.524,"U.S. Bureau of Labor Statistics, CPI-U all items, U.S. city average, NSA, 1982-84=100",https://www.bls.gov/regions/midwest/data/consumerpriceindexhistorical_us_table.pdf,2026-09-20
2018-01-01,247.867,"U.S. Bureau of Labor Statistics, CPI-U all items, U.S. city average, NSA, 1982-84=100",https://www.bls.gov/regions/midwest/data/consumerpriceindexhistorical_us_table.pdf,2026-09-20
2018-02-01,248.991,"U.S. Bureau of Labor Statistics, CPI-U all items, U.S. city average, NSA, 1982-84=100",https://www.bls.gov/regions/midwest/data/consumerpriceindexhistorical_us_table.pdf,2026-09-20
2018-03-01,249.554,"U.S. Bureau of Labor Statistics, CPI-U all items, U.S. city average, NSA, 1982-84=100",https://www.bls.gov/regions/midwest/data/consumerpriceindexhistorical_us_table.pdf,2026-09-20
2018-04-01,250.546,"U.S. Bureau of Labor Statistics, CPI-U all items, U.S. city average, NSA, 1982-84=100",https://www.bls.gov/regions/midwest/data/consumerpriceindexhistorical_us_table.pdf,2026-09-20
2018-05-01,251.588,"U.S. Bureau of Labor Statistics, CPI-U all items, U.S. city average, NSA, 1982-84=100",https://www.bls.gov/regions/midwest/data/consumerpriceindexhistorical_us_table.pdf,2026-09-20
2018-06-01,251.989,"U.S. Bureau of Labor Statistics, CPI-U all items, U.S. city average, NSA, 1982-84=100",https://www.bls.gov/regions/midwest/data/consumerpriceindexhistorical_us_table.pdf,2026-09-20
2018-07-01,252.006,"U.S. Bureau of Labor Statistics, CPI-U all items, U.S. city average, NSA, 1982-84=100",https://www.bls.gov/regions/midwest/data/consumerpriceindexhistorical_us_table.pdf,2026-09-20
2018-08-01,252.146,"U.S. Bureau of Labor Statistics, CPI-U all items, U.S. city average, NSA, 1982-84=100",https://www.bls.gov/regions/midwest/data/consumerpriceindexhistorical_us_table.pdf,2026-09-20
2018-09-01,252.439,"U.S. Bureau of Labor Statistics, CPI-U all items, U.S. city average, NSA, 1982-84=100",https://www.bls.gov/regions/midwest/data/consumerpriceindexhistorical_us_table.pdf,2026-09-20
2018-10-01,252.885,"U.S. Bureau of Labor Statistics, CPI-U all items, U.S. city average, NSA, 1982-84=100",https://www.bls.gov/regions/midwest/data/consumerpriceindexhistorical_us_table.pdf,2026-09-20
2018-11-01,252.038,"U.S. Bureau of Labor Statistics, CPI-U all items, U.S. city average, NSA, 1982-84=100",https://www.bls.gov/regions/midwest/data/consumerpriceindexhistorical_us_table.pdf,2026-09-20
2018-12-01,251.233,"U.S. Bureau of Labor Statistics, CPI-U all items, U.S. city average, NSA, 1982-84=100",https://www.bls.gov/regions/midwest/data/consumerpriceindexhistorical_us_table.pdf,2026-09-20
2019-01-01,251.712,"U.S. Bureau of Labor Statistics, CPI-U all items, U.S. city average, NSA, 1982-84=100",https://www.bls.gov/regions/midwest/data/consumerpriceindexhistorical_us_table.pdf,2026-09-20
2019-02-01,252.776,"U.S. Bureau of Labor Statistics, CPI-U all items, U.S. city average, NSA, 1982-84=100",https://www.bls.gov/regions/midwest/data/consumerpriceindexhistorical_us_table.pdf,2026-09-20
2019-03-01,254.202,"U.S. Bureau of Labor Statistics, CPI-U all items, U.S. city average, NSA, 1982-84=100",https://www.bls.gov/regions/midwest/data/consumerpriceindexhistorical_us_table.pdf,2026-09-20
2019-04-01,255.548,"U.S. Bureau of Labor Statistics, CPI-U all items, U.S. city average, NSA, 1982-84=100",https://www.bls.gov/regions/midwest/data/consumerpriceindexhistorical_us_table.pdf,2026-09-20
2019-05-01,256.092,"U.S. Bureau of Labor Statistics, CPI-U all items, U.S. city average, NSA, 1982-84=100",https://www.bls.gov/regions/midwest/data/consumerpriceindexhistorical_us_table.pdf,2026-09-20
2019-06-01,256.143,"U.S. Bureau of Labor Statistics, CPI-U all items, U.S. city average, NSA, 1982-84=100",https://www.bls.gov/regions/midwest/data/consumerpriceindexhistorical_us_table.pdf,2026-09-20
2019-07-01,256.571,"U.S. Bureau of Labor Statistics, CPI-U all items, U.S. city average, NSA, 1982-84=100",https://www.bls.gov/regions/midwest/data/consumerpriceindexhistorical_us_table.pdf,2026-09-20
2019-08-01,256.558,"U.S. Bureau of Labor Statistics, CPI-U all items, U.S. city average, NSA, 1982-84=100",https://www.bls.gov/regions/midwest/data/consumerpriceindexhistorical_us_table.pdf,2026-09-20
2019-09-01,256.759,"U.S. Bureau of Labor Statistics, CPI-U all items, U.S. city average, NSA, 1982-84=100",https://www.bls.gov/regions/midwest/data/consumerpriceindexhistorical_us_table.pdf,2026-09-20
2019-10-01,257.346,"U.S. Bureau of Labor Statistics, CPI-U all items, U.S. city average, NSA, 1982-84=100",https://www.bls.gov/regions/midwest/data/consumerpriceindexhistorical_us_table.pdf,2026-09-20
2019-11-01,257.208,"U.S. Bureau of Labor Statistics, CPI-U all items, U.S. city average, NSA, 1982-84=100",https://www.bls.gov/regions/midwest/data/consumerpriceindexhistorical_us_table.pdf,2026-09-20
2019-12-01,256.974,"U.S. Bureau of Labor Statistics, CPI-U all items, U.S. city average, NSA, 1982-84=100",https://www.bls.gov/regions/midwest/data/consumerpriceindexhistorical_us_table.pdf,2026-09-20
