country,posicion,segmento,nivel,score,freq_top10,rank_p10,rank_p90,cuota_2019,y19,y24,crec_abs,cagr_proy,crec_reciente,alerta_optimismo,grupo_serie
Brazil,1,Grandes en crecimiento sostenido,Prioritario,84.66793168880456,0.9914,1.0,7.0,0.44016696413283485,1320.0,1466.3030061466216,146.30300614662156,0.021245036450724175,0.018709607345481105,False,dinámica
Ethiopia,2,Grandes en crecimiento sostenido,Prioritario,78.6670049016541,1.0,1.0,7.0,0.0756486950630113,226.86,256.25470448449585,29.394704484495833,0.024667080606592284,0.018703216729893057,False,dinámica
Vietnam,3,Emergentes de alto crecimiento,Prioritario,78.62400299859662,0.8542,1.0,15.0,0.05302011158872784,159.0,220.1728735143324,61.172873514332395,0.06726762919106388,0.03700253539817244,True,dinámica
Indonesia,4,Grandes en crecimiento sostenido,Prioritario,78.1727332305632,0.9592,2.0,8.0,0.09615647407374565,288.36,347.96299963559414,59.60299963559413,0.03829224394101782,0.01422264360951897,False,dinámica
Philippines,5,Emergentes de alto crecimiento,Prioritario,77.94384283056466,0.9774,2.0,5.0,0.06502466515598697,195.0,231.19106444302224,36.19106444302224,0.03463528790021808,0.024848222923756547,False,dinámica
Colombia,6,Grandes en crecimiento sostenido,Prioritario,71.28156781265378,0.8716,4.0,12.100000000000364,0.04051084657432257,121.48644,142.33047604296317,20.844036042963168,0.032176623916299496,0.036344802686141486,False,dinámica
Thailand,7,Emergentes de alto crecimiento,Candidato,65.56835508605371,0.6324,6.0,20.0,0.02801062499027131,84.0,107.35809388989401,23.358093889894008,0.050294524088418946,0.018629767369271688,True,dinámica
Mexico,8,Grandes en crecimiento sostenido,Prioritario,62.02621572365232,0.7326,7.0,12.0,0.04851840400100566,145.5,153.9324693644298,8.432469364429807,0.011331300093489816,0.011891293139641546,False,dinámica
Bolivia,9,Grandes en crecimiento sostenido,Nicho prometedor,61.06794646427972,0.8398,1.0,11.0,0.0012204629460046785,3.66,4.161271672701143,0.5012716727011428,0.026003865350719968,0.026174145936255888,False,dinámica
Uganda,10,Grandes en crecimiento sostenido,Nicho prometedor,59.082401660125925,0.775,7.0,13.0,0.005081927676806366,15.24,17.92939360890561,2.6893936089056094,0.033037594897524114,0.02069608394587652,False,dinámica
El Salvador,11,Maduros estancados,Candidato,55.28360351006331,0.3994,5.0,13.0,0.005842216069399444,17.52,18.78227753104797,1.262277531047971,0.01401138309759098,0.007584408661711395,False,dinámica
India,12,Maduros estancados,Bajo,54.126466976102925,0.26,9.0,15.0,0.029011004454209573,87.0,90.8099554310989,3.8099554310988992,0.008609006626753901,0.0024043735014553924,False,dinámica
Tanzania,13,Emergentes de alto crecimiento,Bajo,50.76961774341686,0.2152,9.0,20.0,0.0019007209814826962,5.7,7.4387442335544565,1.7387442335544563,0.054690305757655544,0.007097846880047998,True,dinámica
Laos,14,Maduros estancados,Bajo,45.330042438310535,0.003,13.0,19.0,0.0031411915167661396,9.42,9.641961409752836,0.2219614097528364,0.004668757862187567,0.012478296823438706,False,dinámica
Guatemala,15,Maduros estancados,Bajo,42.710798958340256,0.0,15.0,20.0,0.007862982586554731,23.58,24.352755159420628,0.7727551594206297,0.006470060242973474,0.0028104189704907245,False,dinámica
Honduras,16,Maduros estancados,Bajo,40.4430584738435,0.1216,10.0,29.100000000000364,0.007002656247567828,21.0,22.461866782847803,1.4618667828478031,0.013550309254485304,-0.0070257410560385924,False,dinámica
Angola,17,Pequeños volátiles,Bajo,40.0989195067677,0.0222,14.0,23.0,0.0006002276783629567,1.8,1.9052235034562546,0.10522350345625453,0.011427331052155543,0.0,False,dinámica
Jamaica,18,Nicho plano,Bajo,37.77511941923038,0.0166,14.0,24.0,0.000180068303508887,0.54,0.552251283637944,0.012251283637943922,0.004496886206163175,0.0,False,dinámica
Burundi,19,Pequeños volátiles,Bajo,37.1078431372549,0.1224,8.0,30.0,4.0015178557530444e-05,0.12,0.11985786928241503,-0.00014213071758496787,-0.00023699683769051738,2.220446049250313e-16,False,dinámica
Dominican Republic,20,Maduros estancados,Bajo,36.90103143758273,0.0842,11.0,31.0,0.0075428611580944886,22.62,23.290991161096727,0.6709911610967261,0.005863557683678078,-0.005735519180904314,False,dinámica
Nicaragua,21,Maduros estancados,Bajo,36.83172970545669,0.0104,13.0,31.0,0.0042015937485406964,12.6,14.805494721556414,2.2054947215564145,0.032786317582961466,-0.0022223066880626696,True,dinámica
Madagascar,22,Maduros estancados,Bajo,35.73397070441653,0.0,18.0,24.0,0.007502845979536958,22.5,22.654296896152896,0.15429689615289632,0.0013677811937551354,0.006789750062433653,False,dinámica
Kenya,23,Grandes en crecimiento sostenido,Bajo,32.254901960784316,0.0452,13.0,29.0,0.0014305426334317133,4.29,4.29,0.0,0.0,0.051781765422464376,False,plana
Togo,24,Pequeños volátiles,Bajo,30.784313725490197,0.0132,15.0,30.0,5.2019732124789575e-06,0.0156,0.0156,0.0,0.0,0.03397522653195062,False,plana
Guyana,25,Nicho plano,Bajo,30.099582939155255,0.0,17.0,28.0,0.000180068303508887,0.54,0.6304699589593542,0.09046995895935417,0.03146412519595643,0.0,True,dinámica
Cameroon,26,Maduros estancados,Bajo,27.561669829222012,0.0,21.0,45.0,0.0015405843744649222,4.62,4.578290413447604,-0.04170958655239598,-0.0018121658059545576,0.003912390292296841,False,dinámica
Papua New Guinea,27,Pequeños volátiles,Bajo,26.853257432005062,0.0026,18.0,47.0,4.0015178557530444e-05,0.12,0.10984585213555303,-0.01015414786444696,-0.017527318586697094,0.021295687600135116,False,dinámica
Cuba,28,Maduros estancados,Bajo,25.531309297912713,0.0504,15.0,48.0,0.004321639284213288,12.96,12.900481546466375,-0.059518453533625504,-0.0009201865823825761,-0.0036631021456072776,False,dinámica
Haiti,29,Maduros estancados,Bajo,23.921568627450977,0.0,22.0,31.0,0.006902618301174001,20.7,20.7,0.0,0.0,0.004389244465350606,False,plana
Zimbabwe,30,Nicho plano,Bajo,21.225490196078432,0.0,25.0,33.0,8.003035711506089e-05,0.24,0.24,0.0,0.0,2.220446049250313e-16,False,plana
Ghana,31,Pequeños volátiles,Bajo,21.225490196078432,0.0,26.0,32.0,4.0015178557530444e-05,0.12,0.12,0.0,0.0,2.220446049250313e-16,False,plana
Costa Rica,32,En retroceso,Bajo,18.02772277945278,0.0,23.0,48.0,0.0070426714261253584,21.12,21.22004422772628,0.10004422772627919,0.0009455985152053703,-0.037627263038055636,False,dinámica
Congo,33,Nicho plano,Bajo,17.30392156862745,0.0,31.0,40.0,6.002276783629566e-05,0.18,0.18,0.0,0.0,0.0,False,plana
Paraguay,34,Nicho plano,Bajo,17.30392156862745,0.0,35.0,39.0,0.0004001517855753044,1.2,1.2,0.0,0.0,0.0,False,plana
Malawi,35,Nicho plano,Bajo,17.30392156862745,0.0,31.0,40.0,2.0007589278765222e-05,0.06,0.06,0.0,0.0,0.0,False,plana
Sri Lanka,36,Maduros estancados,Bajo,17.30392156862745,0.0,34.0,36.0,0.0007002656247567828,2.1,2.1,0.0,0.0,0.0,False,plana
Sierra Leone,37,Nicho plano,Bajo,17.30392156862745,0.0,33.0,41.0,0.0001000379463938261,0.3,0.3,0.0,0.0,0.0,False,plana
Liberia,38,Nicho plano,Bajo,17.30392156862745,0.0,30.0,39.0,0.0001000379463938261,0.3,0.3,0.0,0.0,0.0,False,plana
Rwanda,39,Nicho plano,Bajo,17.30392156862745,0.0,35.0,42.0,2.0007589278765222e-05,0.06,0.06,0.0,0.0,0.0,False,plana
Trinidad y Tobago,40,Nicho plano,Bajo,17.30392156862745,0.0,33.0,43.0,0.0002000758927876522,0.6,0.6,0.0,0.0,0.0,False,plana
Gabon,41,Pequeños volátiles,Bajo,15.792220113851993,0.0,28.0,50.0,1.0003794639382611e-05,0.03,0.02392465024143409,-0.006075349758565909,-0.044248763518615175,2.220446049250313e-16,False,dinámica
Central African Republic,42,Emergentes de alto crecimiento,Bajo,13.945287792536371,0.0,32.0,49.0,0.0004001517855753044,1.2,1.1452728799632288,-0.05472712003677116,-0.00929228242772695,0.0,False,dinámica
Panama,43,Maduros estancados,Bajo,13.872549019607844,0.0,39.0,44.0,0.0013405084816772697,4.02,4.02,0.0,0.0,-1.1102230246251565e-16,False,plana
Nigeria,44,Maduros estancados,Bajo,13.872549019607844,0.0,38.0,45.0,0.0008003035711506088,2.4,2.4,0.0,0.0,-1.1102230246251565e-16,False,plana
Guinea,45,Maduros estancados,Bajo,13.137254901960786,0.0,40.0,46.0,0.001000379463938261,3.0,3.0,0.0,0.0,-2.220446049250313e-16,False,plana
Peru,46,Maduros estancados,Bajo,12.401960784313726,0.0,43.0,47.0,0.0050018973196913055,15.0,15.0,0.0,0.0,-3.3306690738754696e-16,False,plana
Côte d'Ivoire,47,Maduros estancados,Bajo,12.401960784313726,0.0,42.0,48.0,0.006342405801368575,19.02,19.02,0.0,0.0,-3.3306690738754696e-16,False,plana
RD Congo,48,Maduros estancados,Bajo,11.666666666666666,0.0,44.0,49.0,0.0039615026771955145,11.88,11.88,0.0,0.0,-0.0020080483385743753,False,plana
Venezuela,49,En retroceso,Bajo,9.506641366223908,0.0,27.0,50.0,0.025509676330425658,76.5,48.768678946208546,-27.731321053791454,-0.08610582068075423,-0.05617815820375083,False,dinámica
Ecuador,50,Maduros estancados,Bajo,9.215686274509805,0.0,45.0,50.0,0.002981130802536018,8.94,8.94,0.0,0.0,-0.007864672543747897,False,plana
Yemen,51,En retroceso,Bajo,2.172675521821632,0.0,51.0,51.0,0.0012804857138409742,3.84,2.3399984014547814,-1.5000015985452184,-0.09431564173197604,-0.1481016788177576,False,dinámica
